Feature,Coefficient
Total_Traffic,0.46022360363283127
Week,0.007607020516821927
Month,0.002346608947127631
Violation_Rate,4.117826046551113e-05
Year,-0.012170806635135749
EZPass,-0.45934286373273026
Cash,-0.46261061644791096
