Feature,Importance
Violation_Rate,0.44157714
Year,0.33786467
Month,0.16359422
Total_Traffic,0.038212147
Cash,0.010869621
Week,0.0068448987
EZPass,0.0010373378
